Timestamp,Email Address,Full Name,Score
6/25/2026 09:00:00,jordan.sample@example.com,Jordan Sample,50/50
6/25/2026 10:03:00,alex.sample@example.com,Alex Sample,45/50
6/25/2026 11:06:00,taylor.sample@example.com,Taylor Sample,41/50
6/25/2026 12:09:00,morgan.sample@example.com,Morgan Sample,40/50
6/25/2026 13:12:00,casey.sample@example.com,Casey Sample,30/50
6/25/2026 14:15:00,riley.sample@example.com,Riley Sample,50/50
6/25/2026 15:18:00,jamie.sample@example.com,Jamie Sample,45/50
6/25/2026 16:21:00,drew.sample@example.com,Drew Sample,41/50
6/25/2026 09:24:00,cameron.sample@example.com,Cameron Sample,40/50
6/25/2026 10:27:00,reese.sample@example.com,Reese Sample,30/50
6/25/2026 11:30:00,avery.sample@example.com,Avery Sample,50/50
6/25/2026 12:33:00,quinn.sample@example.com,Quinn Sample,45/50
6/25/2026 13:36:00,rowan.sample@example.com,Rowan Sample,41/50
6/25/2026 14:39:00,skyler.sample@example.com,Skyler Sample,40/50
6/25/2026 15:42:00,emerson.sample@example.com,Emerson Sample,30/50
6/25/2026 16:45:00,hayden.sample@example.com,Hayden Sample,50/50
6/25/2026 09:48:00,parker.sample@example.com,Parker Sample,45/50
6/25/2026 10:51:00,sawyer.sample@example.com,Sawyer Sample,41/50
6/25/2026 11:54:00,dakota.sample@example.com,Dakota Sample,40/50
6/25/2026 12:57:00,finley.sample@example.com,Finley Sample,30/50
6/25/2026 13:00:00,jordan.example@example.com,Jordan Example,50/50
6/25/2026 14:03:00,alex.example@example.com,Alex Example,45/50
6/25/2026 15:06:00,taylor.example@example.com,Taylor Example,41/50
6/25/2026 16:09:00,morgan.example@example.com,Morgan Example,40/50
6/25/2026 09:12:00,casey.example@example.com,Casey Example,30/50
6/25/2026 10:15:00,riley.example@example.com,Riley Example,50/50
6/25/2026 11:18:00,jamie.example@example.com,Jamie Example,45/50
6/25/2026 12:21:00,drew.example@example.com,Drew Example,41/50
6/25/2026 13:24:00,cameron.example@example.com,Cameron Example,40/50
6/25/2026 14:27:00,reese.example@example.com,Reese Example,30/50
6/25/2026 15:30:00,avery.example@example.com,Avery Example,50/50
6/25/2026 16:33:00,quinn.example@example.com,Quinn Example,45/50
6/25/2026 09:36:00,rowan.example@example.com,Rowan Example,41/50
6/25/2026 10:39:00,skyler.example@example.com,Skyler Example,40/50
6/25/2026 11:42:00,emerson.example@example.com,Emerson Example,30/50
6/25/2026 12:45:00,hayden.example@example.com,Hayden Example,50/50
6/25/2026 13:48:00,parker.example@example.com,Parker Example,45/50
6/25/2026 14:51:00,sawyer.example@example.com,Sawyer Example,41/50
6/25/2026 15:54:00,dakota.example@example.com,Dakota Example,40/50
6/25/2026 16:57:00,finley.example@example.com,Finley Example,30/50
6/25/2026 09:00:00,jordan.demo@example.com,Jordan Demo,50/50
6/25/2026 10:03:00,alex.demo@example.com,Alex Demo,45/50
6/25/2026 11:06:00,taylor.demo@example.com,Taylor Demo,41/50
6/25/2026 12:09:00,morgan.demo@example.com,Morgan Demo,40/50
6/25/2026 13:12:00,casey.demo@example.com,Casey Demo,30/50
6/25/2026 14:15:00,riley.demo@example.com,Riley Demo,50/50
6/25/2026 15:18:00,jamie.demo@example.com,Jamie Demo,45/50
6/25/2026 16:21:00,drew.demo@example.com,Drew Demo,41/50
6/25/2026 09:24:00,cameron.demo@example.com,Cameron Demo,40/50
6/25/2026 10:27:00,reese.demo@example.com,Reese Demo,30/50
6/25/2026 11:30:00,avery.demo@example.com,Avery Demo,50/50
6/25/2026 12:33:00,quinn.demo@example.com,Quinn Demo,45/50
6/25/2026 13:36:00,rowan.demo@example.com,Rowan Demo,41/50
6/25/2026 14:39:00,skyler.demo@example.com,Skyler Demo,40/50
6/25/2026 15:42:00,emerson.demo@example.com,Emerson Demo,30/50
6/25/2026 16:45:00,hayden.demo@example.com,Hayden Demo,50/50
6/25/2026 09:48:00,parker.demo@example.com,Parker Demo,45/50
6/25/2026 10:51:00,sawyer.demo@example.com,Sawyer Demo,41/50
6/25/2026 11:54:00,dakota.demo@example.com,Dakota Demo,40/50
6/25/2026 12:57:00,finley.demo@example.com,Finley Demo,30/50
6/25/2026 13:00:00,jordan.test@example.com,Jordan Test,50/50
6/25/2026 14:03:00,alex.test@example.com,Alex Test,45/50
6/25/2026 15:06:00,taylor.test@example.com,Taylor Test,41/50
6/25/2026 16:09:00,morgan.test@example.com,Morgan Test,40/50
6/25/2026 09:12:00,casey.test@example.com,Casey Test,30/50
6/25/2026 10:15:00,riley.test@example.com,Riley Test,50/50
6/25/2026 11:18:00,jamie.test@example.com,Jamie Test,45/50
6/25/2026 12:21:00,drew.test@example.com,Drew Test,41/50
6/25/2026 13:24:00,cameron.test@example.com,Cameron Test,40/50
6/25/2026 14:27:00,reese.test@example.com,Reese Test,30/50
6/25/2026 15:30:00,avery.test@example.com,Avery Test,50/50
6/25/2026 16:33:00,quinn.test@example.com,Quinn Test,45/50
6/25/2026 09:36:00,rowan.test@example.com,Rowan Test,41/50
6/25/2026 10:39:00,skyler.test@example.com,Skyler Test,40/50
6/25/2026 11:42:00,emerson.test@example.com,Emerson Test,30/50
6/25/2026 12:45:00,hayden.test@example.com,Hayden Test,50/50
6/25/2026 13:48:00,parker.test@example.com,Parker Test,45/50
6/25/2026 14:51:00,sawyer.test@example.com,Sawyer Test,41/50
6/25/2026 15:54:00,dakota.test@example.com,Dakota Test,40/50
6/25/2026 16:57:00,finley.test@example.com,Finley Test,30/50
6/25/2026 09:00:00,jordan.fixture@example.com,Jordan Fixture,50/50
6/25/2026 10:03:00,alex.fixture@example.com,Alex Fixture,45/50
6/25/2026 11:06:00,taylor.fixture@example.com,Taylor Fixture,41/50
6/25/2026 12:09:00,morgan.fixture@example.com,Morgan Fixture,40/50
6/25/2026 13:12:00,casey.fixture@example.com,Casey Fixture,30/50
6/25/2026 14:15:00,riley.fixture@example.com,Riley Fixture,50/50
6/25/2026 15:18:00,jamie.fixture@example.com,Jamie Fixture,45/50
6/25/2026 16:21:00,drew.fixture@example.com,Drew Fixture,41/50
6/25/2026 09:24:00,cameron.fixture@example.com,Cameron Fixture,40/50
6/25/2026 10:27:00,reese.fixture@example.com,Reese Fixture,30/50
